<?xml version="1.0" encoding="UTF-8"?>
<!DOCTYPE mapper 
PUBLIC "-//mybatis.org//DTD Mapper 3.0//EN" 
"http://mybatis.org/dtd/mybatis-3-mapper.dtd" >

<mapper namespace="com.koreait.nearby.repository.LikesRepository">


<select id="likeSelectByNO" parameterType="Likes" resultType="Likes">
    SELECT LIKE_NO, B_NO, ID, LIKE_CHECK, LIKE_DATE
      FROM LIKES    
     WHERE B_NO = #{bNo} and id = #{id}
</select>



<insert id="likeInsert" parameterType="Likes" >
    INSERT INTO LIKES( B_NO, ID, LIKE_CHECK, LIKE_DATE  )
 	VALUES ( #{bNo}, #{id}, 0, NOW())
</insert>



<update id="likeCheck" parameterType="Map">
    UPDATE LIKES
    SET LIKE_CHECK = LIKE_CHECK + 1 
    WHERE ID=#{id} AND B_NO=#{bNo}
  </update>
  
  
  <delete id="likeCheckCancel" parameterType="Map">
    DELETE
      FROM  LIKES
     WHERE id=#{id} AND B_NO=#{bNo} 
  </delete>


</mapper>